supplier_sku,brand,sub_category,cost_price_inr,stock_qty,lead_time_days,catalog_date
HCW-2001,Nova,Cookware,1998.93,152,10,01/10/2026
HCW-2002,Zenith,Cookware,2871.15,135,7,01/10/2026
HCW-2003,Kraft,Cookware,2315.70,248,11,01/10/2026
HCW-2004,Aura,Cookware,2638.34,220,3,01/10/2026
HCW-2005,Vista,Cookware,2934.84,174,14,01/10/2026
HCW-2005,Vista,Cookware,2934.84,174,14,01/10/2026
HCW-2006,Orbit,Cookware,2093.40,29,13,01/10/2026
HCW-2007,Nova,Furniture,3702.26,226,11,01/10/2026
HCW-2008,Zenith,Furniture,16577.44,192,7,01/10/2026
HCW-2009,Kraft,Furniture,8782.77,196,13,01/10/2026
HCW-2010,Aura,Furniture,8517.74,87,4,01/10/2026
HCW-2011,Vista,Furniture,7575.43,75,9,01/10/2026
HCW-2012,Orbit,Furniture,21958.57,40,10,01/10/2026
HCW-2013,Nova,Decor,2115.43,0,14,01/10/2026
HCW-2014,Zenith,Decor,993.04,224,14,01/10/2026
HCW-2015,Kraft,Decor,1824.63,67,11,01/10/2026
HCW-2016,Aura,Decor,2175.42,195,5,01/10/2026
HCW-2017,Vista,Decor,261.17,129,4,01/10/2026
HCW-2018,Orbit,Decor,1937.51,222,13,01/10/2026
